thread_1_core,thread_2_core,period_1,period_2
0,1,0.263308,0.263312
0,2,0.263311,0.263311
0,3,0.263307,0.263316
0,4,0.263315,0.263310
0,5,0.263318,0.263325
0,6,0.263306,0.263311
0,7,0.263319,0.263318
0,8,0.263315,0.263317
0,9,0.263317,0.263318
0,10,0.263305,0.263311
0,11,0.263314,0.263314
0,12,0.263204,0.263206
0,13,0.263210,0.263210
0,14,0.263205,0.263211
0,15,0.263205,0.263212
0,16,0.263210,0.263212
0,17,0.263209,0.263212
0,18,0.263209,0.263211
0,19,0.263206,0.263209
0,20,0.263211,0.263211
0,21,0.263207,0.263212
0,22,0.263206,0.263211
0,23,0.263209,0.263212
0,24,0.264048,0.264030
0,25,0.263318,0.263314
0,26,0.263306,0.263311
0,27,0.263321,0.263318
0,28,0.263312,0.263318
0,29,0.263319,0.263325
0,30,0.263315,0.263316
0,31,0.263308,0.263321
0,32,0.263325,0.263322
0,33,0.263315,0.263318
0,34,0.263314,0.263315
0,35,0.263298,0.263316
0,36,0.263208,0.263207
0,37,0.263202,0.263207
0,38,0.263202,0.263207
0,39,0.263205,0.263206
0,40,0.263202,0.263207
0,41,0.263206,0.263207
0,42,0.263204,0.263206
0,43,0.263201,0.263205
0,44,0.263204,0.263206
0,45,0.263204,0.263208
0,46,0.263205,0.263207
0,47,0.263204,0.263208
1,0,0.263309,0.263312
1,2,0.263315,0.263318
1,3,0.263317,0.263317
1,4,0.263312,0.263318
1,5,0.263317,0.263318
1,6,0.263309,0.263309
1,7,0.263320,0.263320
1,8,0.263321,0.263318
1,9,0.263316,0.263316
1,10,0.263318,0.263314
1,11,0.263319,0.263321
1,12,0.263205,0.263204
1,13,0.263203,0.263206
1,14,0.263207,0.263208
1,15,0.263207,0.263198
1,16,0.263203,0.263205
1,17,0.263204,0.263206
1,18,0.263205,0.263207
1,19,0.263210,0.263211
1,20,0.263210,0.263210
1,21,0.263210,0.263210
1,22,0.263205,0.263211
1,23,0.263211,0.263210
1,24,0.263299,0.263303
1,25,0.264046,0.264047
1,26,0.263308,0.263311
1,27,0.263313,0.263311
1,28,0.263314,0.263313
1,29,0.263313,0.263313
1,30,0.263311,0.263307
1,31,0.263312,0.263314
1,32,0.263309,0.263312
1,33,0.263313,0.263312
1,34,0.263316,0.263313
1,35,0.263307,0.263307
1,36,0.263211,0.263208
1,37,0.263204,0.263208
1,38,0.263207,0.263207
1,39,0.263205,0.263198
1,40,0.263207,0.263209
1,41,0.263207,0.263208
1,42,0.263205,0.263206
1,43,0.263205,0.263202
1,44,0.263206,0.263208
1,45,0.263206,0.263206
1,46,0.263207,0.263207
1,47,0.263205,0.263207
2,0,0.263300,0.263307
2,1,0.263315,0.263315
2,3,0.263314,0.263314
2,4,0.263312,0.263311
2,5,0.263317,0.263314
2,6,0.263308,0.263312
2,7,0.263316,0.263318
2,8,0.263316,0.263316
2,9,0.263309,0.263312
2,10,0.263321,0.263321
2,11,0.263310,0.263313
2,12,0.263206,0.263201
2,13,0.263208,0.263207
2,14,0.263207,0.263199
2,15,0.263205,0.263207
2,16,0.263206,0.263209
2,17,0.263206,0.263208
2,18,0.263206,0.263207
2,19,0.263207,0.263208
2,20,0.263206,0.263209
2,21,0.263207,0.263208
2,22,0.263206,0.263208
2,23,0.263205,0.263208
2,24,0.263310,0.263312
2,25,0.263309,0.263312
2,26,0.264048,0.264049
2,27,0.263316,0.263316
2,28,0.263311,0.263317
2,29,0.263313,0.263317
2,30,0.263314,0.263314
2,31,0.263314,0.263316
2,32,0.263315,0.263315
2,33,0.263311,0.263315
2,34,0.263316,0.263316
2,35,0.263311,0.263314
2,36,0.263202,0.263205
2,37,0.263204,0.263208
2,38,0.263203,0.263199
2,39,0.263207,0.263207
2,40,0.263209,0.263209
2,41,0.263206,0.263208
2,42,0.263207,0.263207
2,43,0.263205,0.263205
2,44,0.263208,0.263209
2,45,0.263207,0.263208
2,46,0.263206,0.263208
2,47,0.263207,0.263207
3,0,0.263311,0.263311
3,1,0.263311,0.263313
3,2,0.263320,0.263314
3,4,0.263305,0.263306
3,5,0.263314,0.263314
3,6,0.263312,0.263313
3,7,0.263312,0.263309
3,8,0.263319,0.263316
3,9,0.263311,0.263314
3,10,0.263307,0.263310
3,11,0.263312,0.263315
3,12,0.263207,0.263201
3,13,0.263205,0.263202
3,14,0.263205,0.263204
3,15,0.263207,0.263208
3,16,0.263207,0.263208
3,17,0.263207,0.263203
3,18,0.263205,0.263207
3,19,0.263207,0.263209
3,20,0.263208,0.263208
3,21,0.263205,0.263207
3,22,0.263206,0.263209
3,23,0.263205,0.263207
3,24,0.263309,0.263309
3,25,0.263311,0.263312
3,26,0.263318,0.263318
3,27,0.264048,0.264047
3,28,0.263310,0.263310
3,29,0.263310,0.263312
3,30,0.263314,0.263311
3,31,0.263306,0.263311
3,32,0.263315,0.263319
3,33,0.263318,0.263317
3,34,0.263309,0.263306
3,35,0.263315,0.263312
3,36,0.263207,0.263205
3,37,0.263206,0.263205
3,38,0.263208,0.263208
3,39,0.263204,0.263208
3,40,0.263207,0.263208
3,41,0.263207,0.263200
3,42,0.263204,0.263207
3,43,0.263200,0.263206
3,44,0.263206,0.263208
3,45,0.263208,0.263207
3,46,0.263208,0.263208
3,47,0.263205,0.263207
4,0,0.263310,0.263312
4,1,0.263317,0.263320
4,2,0.263320,0.263320
4,3,0.263310,0.263309
4,5,0.263319,0.263318
4,6,0.263312,0.263309
4,7,0.263317,0.263317
4,8,0.263321,0.263318
4,9,0.263317,0.263318
4,10,0.263314,0.263314
4,11,0.263321,0.263323
4,12,0.263205,0.263202
4,13,0.263208,0.263209
4,14,0.263207,0.263207
4,15,0.263206,0.263208
4,16,0.263209,0.263209
4,17,0.263207,0.263200
4,18,0.263208,0.263208
4,19,0.263207,0.263207
4,20,0.263207,0.263207
4,21,0.263207,0.263199
4,22,0.263205,0.263208
4,23,0.263206,0.263208
4,24,0.263308,0.263309
4,25,0.263310,0.263313
4,26,0.263315,0.263315
4,27,0.263309,0.263311
4,28,0.264055,0.264035
4,29,0.263313,0.263309
4,30,0.263309,0.263303
4,31,0.263313,0.263315
4,32,0.263320,0.263317
4,33,0.263316,0.263315
4,34,0.263313,0.263310
4,35,0.263313,0.263315
4,36,0.263207,0.263204
4,37,0.263207,0.263209
4,38,0.263206,0.263209
4,39,0.263208,0.263209
4,40,0.263207,0.263209
4,41,0.263206,0.263207
4,42,0.263207,0.263207
4,43,0.263210,0.263209
4,44,0.263211,0.263213
4,45,0.263212,0.263212
4,46,0.263211,0.263212
4,47,0.263212,0.263212
5,0,0.263314,0.263313
5,1,0.263317,0.263314
5,2,0.263310,0.263307
5,3,0.263311,0.263303
5,4,0.263318,0.263313
5,6,0.263319,0.263316
5,7,0.263315,0.263314
5,8,0.263318,0.263315
5,9,0.263315,0.263318
5,10,0.263316,0.263316
5,11,0.263309,0.263314
5,12,0.263211,0.263210
5,13,0.263212,0.263213
5,14,0.263212,0.263213
5,15,0.263212,0.263212
5,16,0.263212,0.263212
5,17,0.263212,0.263212
5,18,0.263211,0.263211
5,19,0.263212,0.263212
5,20,0.263210,0.263213
5,21,0.263211,0.263211
5,22,0.263213,0.263203
5,23,0.263208,0.263213
5,24,0.263310,0.263309
5,25,0.263319,0.263316
5,26,0.263311,0.263314
5,27,0.263310,0.263307
5,28,0.263314,0.263316
5,29,0.264055,0.264040
5,30,0.263313,0.263314
5,31,0.263313,0.263311
5,32,0.263313,0.263312
5,33,0.263314,0.263307
5,34,0.263310,0.263310
5,35,0.263310,0.263309
5,36,0.263211,0.263211
5,37,0.263212,0.263213
5,38,0.263209,0.263213
5,39,0.263210,0.263213
5,40,0.263214,0.263214
5,41,0.263210,0.263211
5,42,0.263211,0.263212
5,43,0.263213,0.263212
5,44,0.263212,0.263213
5,45,0.263212,0.263214
5,46,0.263212,0.263214
5,47,0.263210,0.263211
6,0,0.263311,0.263313
6,1,0.263300,0.263300
6,2,0.263312,0.263312
6,3,0.263307,0.263309
6,4,0.263306,0.263303
6,5,0.263307,0.263304
6,7,0.263310,0.263312
6,8,0.263320,0.263320
6,9,0.263308,0.263311
6,10,0.263309,0.263309
6,11,0.263314,0.263316
6,12,0.263209,0.263206
6,13,0.263211,0.263212
6,14,0.263212,0.263206
6,15,0.263209,0.263211
6,16,0.263213,0.263214
6,17,0.263212,0.263213
6,18,0.263211,0.263212
6,19,0.263208,0.263213
6,20,0.263211,0.263213
6,21,0.263211,0.263212
6,22,0.263211,0.263210
6,23,0.263210,0.263212
6,24,0.263302,0.263303
6,25,0.263305,0.263305
6,26,0.263310,0.263313
6,27,0.263305,0.263305
6,28,0.263307,0.263304
6,29,0.263303,0.263309
6,30,0.264051,0.264022
6,31,0.263301,0.263313
6,32,0.263318,0.263318
6,33,0.263309,0.263308
6,34,0.263312,0.263309
6,35,0.263311,0.263311
6,36,0.263209,0.263207
6,37,0.263209,0.263211
6,38,0.263212,0.263213
6,39,0.263207,0.263196
6,40,0.263210,0.263212
6,41,0.263210,0.263212
6,42,0.263209,0.263213
6,43,0.263212,0.263208
6,44,0.263211,0.263212
6,45,0.263211,0.263213
6,46,0.263211,0.263211
6,47,0.263211,0.263214
7,0,0.263309,0.263301
7,1,0.263319,0.263319
7,2,0.263308,0.263307
7,3,0.263321,0.263321
7,4,0.263312,0.263312
7,5,0.263318,0.263315
7,6,0.263311,0.263311
7,8,0.263312,0.263312
7,9,0.263314,0.263310
7,10,0.263314,0.263316
7,11,0.263317,0.263317
7,12,0.263212,0.263210
7,13,0.263211,0.263203
7,14,0.263212,0.263214
7,15,0.263212,0.263214
7,16,0.263212,0.263213
7,17,0.263213,0.263195
7,18,0.263211,0.263212
7,19,0.263213,0.263213
7,20,0.263213,0.263212
7,21,0.263212,0.263213
7,22,0.263213,0.263213
7,23,0.263212,0.263214
7,24,0.263302,0.263307
7,25,0.263321,0.263319
7,26,0.263305,0.263308
7,27,0.263314,0.263314
7,28,0.263314,0.263311
7,29,0.263317,0.263316
7,30,0.263315,0.263312
7,31,0.264052,0.264036
7,32,0.263308,0.263313
7,33,0.263310,0.263312
7,34,0.263313,0.263311
7,35,0.263304,0.263315
7,36,0.263210,0.263214
7,37,0.263209,0.263201
7,38,0.263214,0.263213
7,39,0.263212,0.263212
7,40,0.263211,0.263213
7,41,0.263213,0.263206
7,42,0.263213,0.263213
7,43,0.263210,0.263211
7,44,0.263213,0.263213
7,45,0.263211,0.263213
7,46,0.263213,0.263215
7,47,0.263211,0.263211
8,0,0.263306,0.263310
8,1,0.263304,0.263307
8,2,0.263305,0.263305
8,3,0.263305,0.263307
8,4,0.263310,0.263310
8,5,0.263315,0.263311
8,6,0.263311,0.263310
8,7,0.263308,0.263308
8,9,0.263303,0.263306
8,10,0.263307,0.263309
8,11,0.263308,0.263309
8,12,0.263210,0.263206
8,13,0.263204,0.263206
8,14,0.263204,0.263206
8,15,0.263206,0.263201
8,16,0.263203,0.263205
8,17,0.263205,0.263207
8,18,0.263205,0.263206
8,19,0.263204,0.263200
8,20,0.263206,0.263207
8,21,0.263204,0.263206
8,22,0.263205,0.263198
8,23,0.263204,0.263206
8,24,0.263306,0.263312
8,25,0.263308,0.263308
8,26,0.263310,0.263312
8,27,0.263317,0.263317
8,28,0.263311,0.263314
8,29,0.263312,0.263314
8,30,0.263309,0.263309
8,31,0.263307,0.263313
8,32,0.264055,0.264055
8,33,0.263310,0.263312
8,34,0.263311,0.263311
8,35,0.263316,0.263318
8,36,0.263204,0.263204
8,37,0.263204,0.263196
8,38,0.263206,0.263207
8,39,0.263204,0.263207
8,40,0.263207,0.263208
8,41,0.263205,0.263207
8,42,0.263202,0.263206
8,43,0.263205,0.263199
8,44,0.263204,0.263207
8,45,0.263205,0.263206
8,46,0.263205,0.263206
8,47,0.263204,0.263205
9,0,0.263312,0.263312
9,1,0.263308,0.263312
9,2,0.263310,0.263313
9,3,0.263314,0.263314
9,4,0.263310,0.263309
9,5,0.263315,0.263315
9,6,0.263308,0.263311
9,7,0.263312,0.263312
9,8,0.263318,0.263319
9,10,0.263315,0.263311
9,11,0.263313,0.263309
9,12,0.263207,0.263205
9,13,0.263205,0.263198
9,14,0.263203,0.263206
9,15,0.263204,0.263206
9,16,0.263203,0.263206
9,17,0.263205,0.263196
9,18,0.263205,0.263205
9,19,0.263206,0.263204
9,20,0.263205,0.263206
9,21,0.263203,0.263204
9,22,0.263204,0.263207
9,23,0.263206,0.263198
9,24,0.263313,0.263316
9,25,0.263314,0.263314
9,26,0.263310,0.263313
9,27,0.263313,0.263312
9,28,0.263313,0.263313
9,29,0.263315,0.263314
9,30,0.263314,0.263307
9,31,0.263305,0.263313
9,32,0.263314,0.263312
9,33,0.264038,0.264053
9,34,0.263307,0.263312
9,35,0.263307,0.263312
9,36,0.263205,0.263207
9,37,0.263203,0.263207
9,38,0.263205,0.263207
9,39,0.263204,0.263206
9,40,0.263205,0.263207
9,41,0.263205,0.263197
9,42,0.263202,0.263206
9,43,0.263206,0.263206
9,44,0.263205,0.263196
9,45,0.263204,0.263207
9,46,0.263206,0.263207
9,47,0.263203,0.263205
10,0,0.263307,0.263312
10,1,0.263318,0.263314
10,2,0.263315,0.263314
10,3,0.263315,0.263313
10,4,0.263316,0.263315
10,5,0.263323,0.263322
10,6,0.263311,0.263313
10,7,0.263316,0.263317
10,8,0.263321,0.263318
10,9,0.263315,0.263317
10,11,0.263318,0.263318
10,12,0.263206,0.263201
10,13,0.263206,0.263210
10,14,0.263203,0.263198
10,15,0.263203,0.263207
10,16,0.263206,0.263206
10,17,0.263203,0.263207
10,18,0.263204,0.263206
10,19,0.263205,0.263208
10,20,0.263203,0.263208
10,21,0.263204,0.263200
10,22,0.263203,0.263206
10,23,0.263204,0.263206
10,24,0.263306,0.263305
10,25,0.263309,0.263313
10,26,0.263312,0.263318
10,27,0.263311,0.263310
10,28,0.263310,0.263313
10,29,0.263313,0.263311
10,30,0.263309,0.263307
10,31,0.263313,0.263312
10,32,0.263312,0.263314
10,33,0.263316,0.263318
10,34,0.264049,0.264031
10,35,0.263316,0.263317
10,36,0.263205,0.263204
10,37,0.263203,0.263206
10,38,0.263203,0.263207
10,39,0.263206,0.263200
10,40,0.263203,0.263206
10,41,0.263202,0.263207
10,42,0.263203,0.263194
10,43,0.263203,0.263203
10,44,0.263207,0.263206
10,45,0.263203,0.263206
10,46,0.263205,0.263207
10,47,0.263203,0.263205
11,0,0.263306,0.263309
11,1,0.263306,0.263306
11,2,0.263308,0.263308
11,3,0.263308,0.263312
11,4,0.263312,0.263312
11,5,0.263312,0.263310
11,6,0.263312,0.263312
11,7,0.263312,0.263316
11,8,0.263314,0.263313
11,9,0.263307,0.263306
11,10,0.263308,0.263312
11,12,0.263206,0.263194
11,13,0.263203,0.263208
11,14,0.263201,0.263206
11,15,0.263202,0.263196
11,16,0.263204,0.263207
11,17,0.263205,0.263206
11,18,0.263205,0.263205
11,19,0.263205,0.263207
11,20,0.263203,0.263206
11,21,0.263203,0.263207
11,22,0.263204,0.263206
11,23,0.263204,0.263206
11,24,0.263308,0.263307
11,25,0.263307,0.263311
11,26,0.263314,0.263314
11,27,0.263312,0.263312
11,28,0.263307,0.263312
11,29,0.263312,0.263315
11,30,0.263308,0.263315
11,31,0.263308,0.263314
11,32,0.263308,0.263312
11,33,0.263309,0.263310
11,34,0.263306,0.263306
11,35,0.264048,0.264025
11,36,0.263204,0.263207
11,37,0.263205,0.263200
11,38,0.263203,0.263206
11,39,0.263204,0.263206
11,40,0.263204,0.263201
11,41,0.263203,0.263207
11,42,0.263205,0.263206
11,43,0.263203,0.263197
11,44,0.263204,0.263207
11,45,0.263205,0.263207
11,46,0.263203,0.263206
11,47,0.263204,0.263205
12,0,0.263203,0.263207
12,1,0.263205,0.263210
12,2,0.263202,0.263208
12,3,0.263202,0.263208
12,4,0.263200,0.263208
12,5,0.263198,0.263207
12,6,0.263203,0.263209
12,7,0.263203,0.263208
12,8,0.263200,0.263206
12,9,0.263195,0.263207
12,10,0.263203,0.263209
12,11,0.263197,0.263208
12,13,0.263299,0.263311
12,14,0.263297,0.263317
12,15,0.263298,0.263314
12,16,0.263289,0.263306
12,17,0.263293,0.263314
12,18,0.263312,0.263314
12,19,0.263288,0.263306
12,20,0.263303,0.263307
12,21,0.263296,0.263312
12,22,0.263299,0.263309
12,23,0.263304,0.263296
12,24,0.263198,0.263207
12,25,0.263204,0.263208
12,26,0.263197,0.263207
12,27,0.263197,0.263209
12,28,0.263203,0.263210
12,29,0.263202,0.263209
12,30,0.263202,0.263206
12,31,0.263206,0.263209
12,32,0.263202,0.263207
12,33,0.263196,0.263207
12,34,0.263202,0.263207
12,35,0.263203,0.263207
12,36,0.264006,0.264060
12,37,0.263304,0.263308
12,38,0.263318,0.263321
12,39,0.263299,0.263309
12,40,0.263297,0.263306
12,41,0.263300,0.263311
12,42,0.263312,0.263316
12,43,0.263287,0.263300
12,44,0.263307,0.263307
12,45,0.263316,0.263318
12,46,0.263284,0.263307
12,47,0.263306,0.263313
13,0,0.263201,0.263206
13,1,0.263209,0.263211
13,2,0.263208,0.263208
13,3,0.263203,0.263211
13,4,0.263209,0.263210
13,5,0.263208,0.263205
13,6,0.263207,0.263207
13,7,0.263210,0.263209
13,8,0.263208,0.263209
13,9,0.263208,0.263208
13,10,0.263194,0.263206
13,11,0.263205,0.263205
13,12,0.263309,0.263309
13,14,0.263316,0.263313
13,15,0.263314,0.263313
13,16,0.263310,0.263310
13,17,0.263309,0.263313
13,18,0.263316,0.263313
13,19,0.263312,0.263312
13,20,0.263312,0.263315
13,21,0.263309,0.263315
13,22,0.263312,0.263314
13,23,0.263310,0.263319
13,24,0.263205,0.263206
13,25,0.263187,0.263204
13,26,0.263206,0.263204
13,27,0.263204,0.263206
13,28,0.263196,0.263205
13,29,0.263203,0.263205
13,30,0.263203,0.263205
13,31,0.263206,0.263207
13,32,0.263199,0.263207
13,33,0.263202,0.263205
13,34,0.263206,0.263206
13,35,0.263204,0.263206
13,36,0.263311,0.263312
13,37,0.264066,0.264066
13,38,0.263312,0.263315
13,39,0.263319,0.263319
13,40,0.263309,0.263313
13,41,0.263316,0.263318
13,42,0.263307,0.263312
13,43,0.263288,0.263287
13,44,0.263299,0.263309
13,45,0.263314,0.263316
13,46,0.263313,0.263311
13,47,0.263317,0.263321
14,0,0.263202,0.263203
14,1,0.263196,0.263207
14,2,0.263206,0.263207
14,3,0.263206,0.263207
14,4,0.263206,0.263207
14,5,0.263205,0.263206
14,6,0.263208,0.263208
14,7,0.263206,0.263206
14,8,0.263196,0.263207
14,9,0.263205,0.263206
14,10,0.263205,0.263205
14,11,0.263205,0.263207
14,12,0.263312,0.263316
14,13,0.263317,0.263317
14,15,0.263320,0.263319
14,16,0.263316,0.263315
14,17,0.263319,0.263314
14,18,0.263325,0.263325
14,19,0.263312,0.263315
14,20,0.263314,0.263311
14,21,0.263300,0.263322
14,22,0.263317,0.263319
14,23,0.263320,0.263320
14,24,0.263202,0.263205
14,25,0.263207,0.263209
14,26,0.263195,0.263203
14,27,0.263210,0.263209
14,28,0.263206,0.263207
14,29,0.263208,0.263210
14,30,0.263210,0.263211
14,31,0.263205,0.263206
14,32,0.263201,0.263206
14,33,0.263192,0.263205
14,34,0.263205,0.263208
14,35,0.263203,0.263206
14,36,0.263305,0.263308
14,37,0.263316,0.263289
14,38,0.264066,0.264066
14,39,0.263305,0.263305
14,40,0.263317,0.263317
14,41,0.263314,0.263314
14,42,0.263304,0.263307
14,43,0.263315,0.263310
14,44,0.263302,0.263320
14,45,0.263295,0.263303
14,46,0.263313,0.263316
14,47,0.263286,0.263305
15,0,0.263211,0.263210
15,1,0.263207,0.263210
15,2,0.263204,0.263207
15,3,0.263197,0.263212
15,4,0.263209,0.263210
15,5,0.263207,0.263208
15,6,0.263210,0.263211
15,7,0.263206,0.263207
15,8,0.263206,0.263209
15,9,0.263206,0.263207
15,10,0.263208,0.263208
15,11,0.263205,0.263204
15,12,0.263318,0.263318
15,13,0.263321,0.263321
15,14,0.263310,0.263309
15,16,0.263318,0.263318
15,17,0.263314,0.263311
15,18,0.263312,0.263312
15,19,0.263317,0.263317
15,20,0.263316,0.263318
15,21,0.263310,0.263310
15,22,0.263315,0.263318
15,23,0.263308,0.263308
15,24,0.263202,0.263211
15,25,0.263207,0.263209
15,26,0.263202,0.263205
15,27,0.263207,0.263211
15,28,0.263199,0.263209
15,29,0.263208,0.263209
15,30,0.263210,0.263212
15,31,0.263199,0.263208
15,32,0.263214,0.263215
15,33,0.263203,0.263205
15,34,0.263208,0.263209
15,35,0.263204,0.263206
15,36,0.263314,0.263314
15,37,0.263316,0.263316
15,38,0.263312,0.263312
15,39,0.264062,0.264046
15,40,0.263321,0.263321
15,41,0.263314,0.263317
15,42,0.263280,0.263304
15,43,0.263310,0.263314
15,44,0.263304,0.263318
15,45,0.263303,0.263309
15,46,0.263324,0.263324
15,47,0.263299,0.263310
16,0,0.263209,0.263211
16,1,0.263204,0.263212
16,2,0.263203,0.263209
16,3,0.263208,0.263212
16,4,0.263210,0.263210
16,5,0.263210,0.263210
16,6,0.263211,0.263211
16,7,0.263208,0.263208
16,8,0.263201,0.263208
16,9,0.263205,0.263206
16,10,0.263208,0.263210
16,11,0.263205,0.263206
16,12,0.263317,0.263297
16,13,0.263321,0.263321
16,14,0.263308,0.263311
16,15,0.263310,0.263310
16,17,0.263310,0.263314
16,18,0.263308,0.263307
16,19,0.263313,0.263313
16,20,0.263318,0.263321
16,21,0.263314,0.263314
16,22,0.263276,0.263290
16,23,0.263314,0.263311
16,24,0.263204,0.263211
16,25,0.263208,0.263211
16,26,0.263196,0.263207
16,27,0.263213,0.263212
16,28,0.263209,0.263210
16,29,0.263208,0.263208
16,30,0.263203,0.263211
16,31,0.263208,0.263210
16,32,0.263208,0.263208
16,33,0.263208,0.263209
16,34,0.263210,0.263210
16,35,0.263208,0.263208
16,36,0.263314,0.263317
16,37,0.263318,0.263315
16,38,0.263310,0.263311
16,39,0.263311,0.263314
16,40,0.264034,0.264061
16,41,0.263316,0.263316
16,42,0.263311,0.263313
16,43,0.263320,0.263314
16,44,0.263310,0.263321
16,45,0.263306,0.263308
16,46,0.263321,0.263318
16,47,0.263313,0.263313
17,0,0.263210,0.263211
17,1,0.263211,0.263212
17,2,0.263203,0.263206
17,3,0.263209,0.263212
17,4,0.263193,0.263210
17,5,0.263209,0.263208
17,6,0.263205,0.263209
17,7,0.263205,0.263212
17,8,0.263207,0.263209
17,9,0.263207,0.263208
17,10,0.263206,0.263211
17,11,0.263196,0.263207
17,12,0.263315,0.263315
17,13,0.263316,0.263311
17,14,0.263311,0.263316
17,15,0.263310,0.263309
17,16,0.263320,0.263320
17,18,0.263306,0.263318
17,19,0.263317,0.263317
17,20,0.263317,0.263319
17,21,0.263316,0.263313
17,22,0.263310,0.263319
17,23,0.263314,0.263316
17,24,0.263209,0.263211
17,25,0.263209,0.263211
17,26,0.263192,0.263205
17,27,0.263210,0.263213
17,28,0.263209,0.263211
17,29,0.263208,0.263208
17,30,0.263201,0.263212
17,31,0.263208,0.263210
17,32,0.263204,0.263209
17,33,0.263205,0.263207
17,34,0.263209,0.263210
17,35,0.263207,0.263210
17,36,0.263311,0.263314
17,37,0.263316,0.263318
17,38,0.263285,0.263321
17,39,0.263308,0.263310
17,40,0.263316,0.263317
17,41,0.264046,0.264047
17,42,0.263311,0.263316
17,43,0.263316,0.263318
17,44,0.263318,0.263318
17,45,0.263315,0.263319
17,46,0.263322,0.263322
17,47,0.263316,0.263318
18,0,0.263205,0.263209
18,1,0.263208,0.263209
18,2,0.263204,0.263206
18,3,0.263200,0.263210
18,4,0.263206,0.263208
18,5,0.263207,0.263208
18,6,0.263209,0.263207
18,7,0.263204,0.263206
18,8,0.263205,0.263204
18,9,0.263204,0.263205
18,10,0.263199,0.263206
18,11,0.263204,0.263205
18,12,0.263316,0.263305
18,13,0.263319,0.263319
18,14,0.263303,0.263301
18,15,0.263298,0.263301
18,16,0.263317,0.263315
18,17,0.263311,0.263311
18,19,0.263314,0.263306
18,20,0.263317,0.263317
18,21,0.263299,0.263303
18,22,0.263312,0.263315
18,23,0.263296,0.263303
18,24,0.263211,0.263210
18,25,0.263199,0.263210
18,26,0.263202,0.263207
18,27,0.263208,0.263210
18,28,0.263203,0.263207
18,29,0.263204,0.263205
18,30,0.263209,0.263210
18,31,0.263203,0.263207
18,32,0.263198,0.263207
18,33,0.263205,0.263206
18,34,0.263206,0.263206
18,35,0.263205,0.263205
18,36,0.263313,0.263313
18,37,0.263311,0.263314
18,38,0.263304,0.263302
18,39,0.263298,0.263301
18,40,0.263316,0.263319
18,41,0.263313,0.263313
18,42,0.264064,0.264046
18,43,0.263312,0.263314
18,44,0.263315,0.263317
18,45,0.263265,0.263304
18,46,0.263314,0.263313
18,47,0.263309,0.263307
19,0,0.263212,0.263208
19,1,0.263208,0.263211
19,2,0.263194,0.263207
19,3,0.263208,0.263212
19,4,0.263212,0.263212
19,5,0.263211,0.263211
19,6,0.263212,0.263213
19,7,0.263211,0.263211
19,8,0.263208,0.263212
19,9,0.263195,0.263209
19,10,0.263211,0.263211
19,11,0.263208,0.263211
19,12,0.263314,0.263302
19,13,0.263317,0.263322
19,14,0.263317,0.263320
19,15,0.263310,0.263313
19,16,0.263321,0.263324
19,17,0.263318,0.263309
19,18,0.263319,0.263319
19,20,0.263320,0.263320
19,21,0.263307,0.263312
19,22,0.263321,0.263321
19,23,0.263317,0.263322
19,24,0.263200,0.263213
19,25,0.263208,0.263212
19,26,0.263206,0.263208
19,27,0.263211,0.263213
19,28,0.263200,0.263211
19,29,0.263209,0.263212
19,30,0.263209,0.263212
19,31,0.263211,0.263211
19,32,0.263211,0.263212
19,33,0.263207,0.263209
19,34,0.263211,0.263212
19,35,0.263199,0.263210
19,36,0.263316,0.263318
19,37,0.263313,0.263324
19,38,0.263304,0.263312
19,39,0.263310,0.263310
19,40,0.263314,0.263323
19,41,0.263314,0.263318
19,42,0.263315,0.263315
19,43,0.264064,0.264064
19,44,0.263320,0.263296
19,45,0.263314,0.263317
19,46,0.263316,0.263316
19,47,0.263309,0.263316
20,0,0.263214,0.263213
20,1,0.263210,0.263211
20,2,0.263201,0.263208
20,3,0.263213,0.263212
20,4,0.263211,0.263210
20,5,0.263209,0.263210
20,6,0.263213,0.263213
20,7,0.263208,0.263209
20,8,0.263210,0.263210
20,9,0.263209,0.263210
20,10,0.263212,0.263213
20,11,0.263208,0.263207
20,12,0.263306,0.263310
20,13,0.263316,0.263309
20,14,0.263291,0.263313
20,15,0.263306,0.263308
20,16,0.263319,0.263319
20,17,0.263315,0.263319
20,18,0.263311,0.263311
20,19,0.263313,0.263313
20,21,0.263309,0.263309
20,22,0.263317,0.263317
20,23,0.263310,0.263310
20,24,0.263204,0.263211
20,25,0.263210,0.263211
20,26,0.263206,0.263206
20,27,0.263202,0.263213
20,28,0.263209,0.263210
20,29,0.263208,0.263208
20,30,0.263212,0.263212
20,31,0.263210,0.263210
20,32,0.263209,0.263210
20,33,0.263205,0.263205
20,34,0.263200,0.263209
20,35,0.263208,0.263209
20,36,0.263315,0.263315
20,37,0.263313,0.263313
20,38,0.263313,0.263313
20,39,0.263309,0.263313
20,40,0.263321,0.263321
20,41,0.263318,0.263318
20,42,0.263308,0.263310
20,43,0.263301,0.263308
20,44,0.264061,0.264044
20,45,0.263309,0.263306
20,46,0.263315,0.263318
20,47,0.263311,0.263311
21,0,0.263209,0.263208
21,1,0.263202,0.263208
21,2,0.263202,0.263203
21,3,0.263205,0.263208
21,4,0.263196,0.263207
21,5,0.263204,0.263207
21,6,0.263208,0.263210
21,7,0.263205,0.263206
21,8,0.263206,0.263206
21,9,0.263205,0.263205
21,10,0.263208,0.263208
21,11,0.263193,0.263206
21,12,0.263314,0.263305
21,13,0.263321,0.263321
21,14,0.263307,0.263307
21,15,0.263304,0.263304
21,16,0.263318,0.263320
21,17,0.263313,0.263313
21,18,0.263302,0.263306
21,19,0.263320,0.263285
21,20,0.263318,0.263315
21,22,0.263314,0.263314
21,23,0.263310,0.263310
21,24,0.263209,0.263211
21,25,0.263209,0.263210
21,26,0.263191,0.263205
21,27,0.263211,0.263212
21,28,0.263206,0.263207
21,29,0.263206,0.263207
21,30,0.263210,0.263211
21,31,0.263203,0.263206
21,32,0.263203,0.263205
21,33,0.263198,0.263205
21,34,0.263212,0.263214
21,35,0.263207,0.263208
21,36,0.263315,0.263315
21,37,0.263314,0.263317
21,38,0.263306,0.263306
21,39,0.263304,0.263304
21,40,0.263316,0.263319
21,41,0.263311,0.263311
21,42,0.263305,0.263309
21,43,0.263318,0.263313
21,44,0.263323,0.263323
21,45,0.264067,0.264050
21,46,0.263286,0.263312
21,47,0.263297,0.263306
22,0,0.263210,0.263209
22,1,0.263211,0.263212
22,2,0.263194,0.263206
22,3,0.263211,0.263213
22,4,0.263208,0.263210
22,5,0.263208,0.263209
22,6,0.263210,0.263211
22,7,0.263208,0.263209
22,8,0.263209,0.263211
22,9,0.263206,0.263207
22,10,0.263201,0.263208
22,11,0.263204,0.263206
22,12,0.263310,0.263314
22,13,0.263308,0.263317
22,14,0.263313,0.263310
22,15,0.263310,0.263292
22,16,0.263324,0.263324
22,17,0.263310,0.263314
22,18,0.263309,0.263306
22,19,0.263319,0.263320
22,20,0.263321,0.263320
22,21,0.263306,0.263304
22,23,0.263313,0.263310
22,24,0.263203,0.263211
22,25,0.263208,0.263208
22,26,0.263204,0.263203
22,27,0.263212,0.263213
22,28,0.263201,0.263210
22,29,0.263208,0.263209
22,30,0.263213,0.263213
22,31,0.263200,0.263209
22,32,0.263208,0.263209
22,33,0.263206,0.263206
22,34,0.263209,0.263209
22,35,0.263207,0.263207
22,36,0.263315,0.263315
22,37,0.263315,0.263317
22,38,0.263315,0.263318
22,39,0.263309,0.263312
22,40,0.263317,0.263317
22,41,0.263310,0.263314
22,42,0.263280,0.263308
22,43,0.263315,0.263308
22,44,0.263316,0.263320
22,45,0.263301,0.263309
22,46,0.264066,0.264065
22,47,0.263313,0.263311
23,0,0.263209,0.263206
23,1,0.263192,0.263209
23,2,0.263203,0.263204
23,3,0.263210,0.263211
23,4,0.263206,0.263206
23,5,0.263207,0.263207
23,6,0.263210,0.263209
23,7,0.263207,0.263207
23,8,0.263200,0.263206
23,9,0.263204,0.263205
23,10,0.263207,0.263208
23,11,0.263201,0.263204
23,12,0.263317,0.263317
23,13,0.263321,0.263314
23,14,0.263310,0.263310
23,15,0.263307,0.263307
23,16,0.263321,0.263323
23,17,0.263316,0.263308
23,18,0.263306,0.263309
23,19,0.263318,0.263315
23,20,0.263295,0.263312
23,21,0.263311,0.263313
23,22,0.263321,0.263318
23,24,0.263208,0.263206
23,25,0.263202,0.263202
23,26,0.263197,0.263203
23,27,0.263199,0.263200
23,28,0.263201,0.263200
23,29,0.263194,0.263200
23,30,0.263201,0.263201
23,31,0.263201,0.263202
23,32,0.263203,0.263203
23,33,0.263202,0.263202
23,34,0.263201,0.263201
23,35,0.263197,0.263203
23,36,0.263311,0.263313
23,37,0.263312,0.263312
23,38,0.263318,0.263318
23,39,0.263325,0.263325
23,40,0.263315,0.263316
23,41,0.263318,0.263318
23,42,0.263319,0.263323
23,43,0.263315,0.263307
23,44,0.263307,0.263317
23,45,0.263314,0.263324
23,46,0.263319,0.263319
23,47,0.264064,0.264065
24,0,0.264047,0.264048
24,1,0.263305,0.263305
24,2,0.263312,0.263312
24,3,0.263306,0.263303
24,4,0.263306,0.263304
24,5,0.263312,0.263312
24,6,0.263303,0.263303
24,7,0.263306,0.263303
24,8,0.263312,0.263309
24,9,0.263308,0.263310
24,10,0.263307,0.263309
24,11,0.263309,0.263311
24,12,0.263206,0.263203
24,13,0.263206,0.263205
24,14,0.263205,0.263206
24,15,0.263205,0.263206
24,16,0.263202,0.263198
24,17,0.263204,0.263205
24,18,0.263206,0.263207
24,19,0.263205,0.263201
24,20,0.263205,0.263206
24,21,0.263204,0.263206
24,22,0.263201,0.263206
24,23,0.263202,0.263206
24,25,0.263309,0.263312
24,26,0.263313,0.263313
24,27,0.263315,0.263312
24,28,0.263308,0.263311
24,29,0.263316,0.263313
24,30,0.263312,0.263312
24,31,0.263318,0.263310
24,32,0.263306,0.263310
24,33,0.263308,0.263311
24,34,0.263307,0.263309
24,35,0.263315,0.263308
24,36,0.263205,0.263203
24,37,0.263205,0.263206
24,38,0.263206,0.263207
24,39,0.263204,0.263205
24,40,0.263205,0.263200
24,41,0.263206,0.263206
24,42,0.263203,0.263205
24,43,0.263203,0.263204
24,44,0.263204,0.263206
24,45,0.263204,0.263206
24,46,0.263206,0.263206
24,47,0.263203,0.263206
25,0,0.263310,0.263312
25,1,0.264045,0.264044
25,2,0.263313,0.263313
25,3,0.263311,0.263308
25,4,0.263317,0.263319
25,5,0.263314,0.263315
25,6,0.263308,0.263305
25,7,0.263321,0.263318
25,8,0.263314,0.263314
25,9,0.263310,0.263303
25,10,0.263315,0.263314
25,11,0.263316,0.263316
25,12,0.263205,0.263202
25,13,0.263205,0.263199
25,14,0.263204,0.263205
25,15,0.263204,0.263206
25,16,0.263205,0.263197
25,17,0.263205,0.263206
25,18,0.263206,0.263207
25,19,0.263203,0.263203
25,20,0.263205,0.263205
25,21,0.263206,0.263206
25,22,0.263203,0.263206
25,23,0.263206,0.263206
25,24,0.263310,0.263312
25,26,0.263307,0.263313
25,27,0.263306,0.263309
25,28,0.263314,0.263312
25,29,0.263316,0.263318
25,30,0.263309,0.263306
25,31,0.263313,0.263318
25,32,0.263317,0.263316
25,33,0.263313,0.263311
25,34,0.263317,0.263316
25,35,0.263314,0.263310
25,36,0.263199,0.263205
25,37,0.263204,0.263199
25,38,0.263206,0.263206
25,39,0.263205,0.263206
25,40,0.263204,0.263202
25,41,0.263206,0.263207
25,42,0.263204,0.263206
25,43,0.263205,0.263205
25,44,0.263206,0.263202
25,45,0.263205,0.263205
25,46,0.263206,0.263207
25,47,0.263203,0.263192
26,0,0.263312,0.263310
26,1,0.263313,0.263313
26,2,0.264045,0.263999
26,3,0.263313,0.263310
26,4,0.263315,0.263314
26,5,0.263313,0.263306
26,6,0.263312,0.263312
26,7,0.263316,0.263313
26,8,0.263322,0.263322
26,9,0.263315,0.263314
26,10,0.263317,0.263317
26,11,0.263313,0.263316
26,12,0.263205,0.263201
26,13,0.263206,0.263198
26,14,0.263206,0.263205
26,15,0.263202,0.263206
26,16,0.263206,0.263207
26,17,0.263204,0.263205
26,18,0.263206,0.263206
26,19,0.263205,0.263206
26,20,0.263205,0.263199
26,21,0.263205,0.263205
26,22,0.263204,0.263204
26,23,0.263206,0.263205
26,24,0.263313,0.263311
26,25,0.263312,0.263312
26,27,0.263313,0.263313
26,28,0.263312,0.263314
26,29,0.263305,0.263311
26,30,0.263315,0.263311
26,31,0.263311,0.263311
26,32,0.263314,0.263309
26,33,0.263315,0.263308
26,34,0.263310,0.263311
26,35,0.263315,0.263307
26,36,0.263205,0.263205
26,37,0.263206,0.263205
26,38,0.263204,0.263199
26,39,0.263206,0.263206
26,40,0.263204,0.263206
26,41,0.263203,0.263201
26,42,0.263205,0.263207
26,43,0.263204,0.263206
26,44,0.263206,0.263205
26,45,0.263204,0.263206
26,46,0.263204,0.263205
26,47,0.263206,0.263206
27,0,0.263308,0.263305
27,1,0.263313,0.263313
27,2,0.263321,0.263315
27,3,0.264049,0.264049
27,4,0.263309,0.263310
27,5,0.263309,0.263307
27,6,0.263315,0.263313
27,7,0.263313,0.263307
27,8,0.263321,0.263321
27,9,0.263317,0.263317
27,10,0.263317,0.263312
27,11,0.263318,0.263313
27,12,0.263205,0.263201
27,13,0.263202,0.263204
27,14,0.263203,0.263199
27,15,0.263203,0.263203
27,16,0.263205,0.263206
27,17,0.263203,0.263195
27,18,0.263204,0.263205
27,19,0.263205,0.263206
27,20,0.263201,0.263205
27,21,0.263204,0.263205
27,22,0.263204,0.263206
27,23,0.263204,0.263205
27,24,0.263316,0.263316
27,25,0.263313,0.263315
27,26,0.263318,0.263318
27,28,0.263308,0.263311
27,29,0.263314,0.263314
27,30,0.263318,0.263318
27,31,0.263313,0.263316
27,32,0.263317,0.263322
27,33,0.263300,0.263314
27,34,0.263311,0.263314
27,35,0.263319,0.263319
27,36,0.263205,0.263203
27,37,0.263204,0.263205
27,38,0.263203,0.263200
27,39,0.263204,0.263205
27,40,0.263203,0.263205
27,41,0.263204,0.263200
27,42,0.263205,0.263206
27,43,0.263204,0.263204
27,44,0.263204,0.263199
27,45,0.263203,0.263205
27,46,0.263201,0.263205
27,47,0.263202,0.263204
28,0,0.263312,0.263308
28,1,0.263316,0.263316
28,2,0.263315,0.263315
28,3,0.263311,0.263311
28,4,0.264044,0.264044
28,5,0.263314,0.263314
28,6,0.263307,0.263307
28,7,0.263317,0.263315
28,8,0.263316,0.263316
28,9,0.263311,0.263310
28,10,0.263315,0.263311
28,11,0.263310,0.263309
28,12,0.263207,0.263201
28,13,0.263207,0.263207
28,14,0.263207,0.263201
28,15,0.263204,0.263205
28,16,0.263205,0.263207
28,17,0.263207,0.263208
28,18,0.263203,0.263206
28,19,0.263205,0.263205
28,20,0.263204,0.263198
28,21,0.263206,0.263207
28,22,0.263207,0.263206
28,23,0.263204,0.263206
28,24,0.263316,0.263314
28,25,0.263319,0.263317
28,26,0.263319,0.263319
28,27,0.263315,0.263315
28,29,0.263319,0.263318
28,30,0.263311,0.263308
28,31,0.263317,0.263320
28,32,0.263323,0.263322
28,33,0.263318,0.263318
28,34,0.263313,0.263315
28,35,0.263314,0.263314
28,36,0.263205,0.263204
28,37,0.263211,0.263209
28,38,0.263211,0.263204
28,39,0.263210,0.263210
28,40,0.263212,0.263212
28,41,0.263210,0.263211
28,42,0.263209,0.263203
28,43,0.263211,0.263210
28,44,0.263209,0.263210
28,45,0.263210,0.263212
28,46,0.263211,0.263211
28,47,0.263208,0.263212
29,0,0.263319,0.263322
29,1,0.263313,0.263317
29,2,0.263321,0.263318
29,3,0.263323,0.263323
29,4,0.263318,0.263318
29,5,0.264024,0.264037
29,6,0.263322,0.263320
29,7,0.263322,0.263322
29,8,0.263314,0.263314
29,9,0.263315,0.263315
29,10,0.263316,0.263316
29,11,0.263316,0.263316
29,12,0.263210,0.263207
29,13,0.263210,0.263211
29,14,0.263212,0.263213
29,15,0.263209,0.263210
29,16,0.263210,0.263201
29,17,0.263208,0.263211
29,18,0.263209,0.263212
29,19,0.263210,0.263211
29,20,0.263209,0.263211
29,21,0.263209,0.263210
29,22,0.263210,0.263211
29,23,0.263209,0.263204
29,24,0.263315,0.263316
29,25,0.263317,0.263317
29,26,0.263318,0.263318
29,27,0.263321,0.263320
29,28,0.263321,0.263318
29,30,0.263320,0.263317
29,31,0.263318,0.263317
29,32,0.263312,0.263309
29,33,0.263318,0.263318
29,34,0.263317,0.263314
29,35,0.263314,0.263315
29,36,0.263210,0.263208
29,37,0.263212,0.263212
29,38,0.263211,0.263205
29,39,0.263211,0.263210
29,40,0.263209,0.263211
29,41,0.263212,0.263212
29,42,0.263208,0.263204
29,43,0.263211,0.263210
29,44,0.263210,0.263212
29,45,0.263210,0.263212
29,46,0.263211,0.263212
29,47,0.263210,0.263210
30,0,0.263309,0.263302
30,1,0.263318,0.263318
30,2,0.263314,0.263317
30,3,0.263315,0.263307
30,4,0.263317,0.263314
30,5,0.263312,0.263311
30,6,0.264048,0.264022
30,7,0.263317,0.263314
30,8,0.263311,0.263307
30,9,0.263317,0.263317
30,10,0.263320,0.263320
30,11,0.263317,0.263319
30,12,0.263210,0.263200
30,13,0.263210,0.263211
30,14,0.263211,0.263211
30,15,0.263211,0.263210
30,16,0.263211,0.263211
30,17,0.263211,0.263211
30,18,0.263207,0.263208
30,19,0.263211,0.263203
30,20,0.263210,0.263212
30,21,0.263208,0.263210
30,22,0.263208,0.263211
30,23,0.263210,0.263210
30,24,0.263311,0.263312
30,25,0.263316,0.263316
30,26,0.263314,0.263314
30,27,0.263310,0.263309
30,28,0.263317,0.263315
30,29,0.263317,0.263317
30,31,0.263311,0.263313
30,32,0.263315,0.263317
30,33,0.263315,0.263315
30,34,0.263320,0.263319
30,35,0.263317,0.263318
30,36,0.263208,0.263208
30,37,0.263207,0.263198
30,38,0.263211,0.263211
30,39,0.263210,0.263211
30,40,0.263210,0.263212
30,41,0.263211,0.263204
30,42,0.263208,0.263211
30,43,0.263208,0.263206
30,44,0.263208,0.263211
30,45,0.263209,0.263201
30,46,0.263210,0.263211
30,47,0.263209,0.263210
31,0,0.263311,0.263305
31,1,0.263318,0.263312
31,2,0.263315,0.263318
31,3,0.263318,0.263315
31,4,0.263319,0.263316
31,5,0.263312,0.263312
31,6,0.263313,0.263317
31,7,0.264051,0.264032
31,8,0.263316,0.263316
31,9,0.263314,0.263314
31,10,0.263321,0.263321
31,11,0.263311,0.263311
31,12,0.263211,0.263208
31,13,0.263211,0.263212
31,14,0.263211,0.263211
31,15,0.263209,0.263211
31,16,0.263209,0.263211
31,17,0.263210,0.263209
31,18,0.263209,0.263210
31,19,0.263209,0.263211
31,20,0.263212,0.263212
31,21,0.263209,0.263211
31,22,0.263212,0.263212
31,23,0.263210,0.263212
31,24,0.263309,0.263308
31,25,0.263311,0.263314
31,26,0.263312,0.263314
31,27,0.263319,0.263316
31,28,0.263316,0.263314
31,29,0.263311,0.263313
31,30,0.263315,0.263318
31,32,0.263316,0.263309
31,33,0.263315,0.263312
31,34,0.263319,0.263325
31,35,0.263312,0.263312
31,36,0.263209,0.263208
31,37,0.263209,0.263203
31,38,0.263210,0.263213
31,39,0.263210,0.263211
31,40,0.263209,0.263211
31,41,0.263210,0.263203
31,42,0.263208,0.263208
31,43,0.263211,0.263210
31,44,0.263209,0.263203
31,45,0.263206,0.263209
31,46,0.263210,0.263210
31,47,0.263210,0.263211
32,0,0.263313,0.263315
32,1,0.263312,0.263312
32,2,0.263318,0.263318
32,3,0.263315,0.263315
32,4,0.263317,0.263317
32,5,0.263315,0.263312
32,6,0.263313,0.263310
32,7,0.263317,0.263316
32,8,0.264051,0.264030
32,9,0.263316,0.263314
32,10,0.263318,0.263313
32,11,0.263317,0.263315
32,12,0.263211,0.263209
32,13,0.263211,0.263212
32,14,0.263211,0.263205
32,15,0.263210,0.263210
32,16,0.263209,0.263210
32,17,0.263211,0.263209
32,18,0.263210,0.263202
32,19,0.263211,0.263211
32,20,0.263211,0.263212
32,21,0.263209,0.263210
32,22,0.263211,0.263211
32,23,0.263210,0.263211
32,24,0.263314,0.263311
32,25,0.263307,0.263307
32,26,0.263318,0.263318
32,27,0.263319,0.263319
32,28,0.263321,0.263318
32,29,0.263310,0.263311
32,30,0.263315,0.263313
32,31,0.263318,0.263315
32,33,0.263312,0.263312
32,34,0.263315,0.263317
32,35,0.263313,0.263313
32,36,0.263211,0.263212
32,37,0.263210,0.263210
32,38,0.263210,0.263211
32,39,0.263207,0.263211
32,40,0.263208,0.263205
32,41,0.263211,0.263210
32,42,0.263209,0.263211
32,43,0.263209,0.263209
32,44,0.263210,0.263203
32,45,0.263209,0.263211
32,46,0.263206,0.263210
32,47,0.263209,0.263213
33,0,0.263311,0.263315
33,1,0.263315,0.263318
33,2,0.263317,0.263317
33,3,0.263316,0.263316
33,4,0.263319,0.263321
33,5,0.263314,0.263311
33,6,0.263317,0.263317
33,7,0.263315,0.263314
33,8,0.263311,0.263311
33,9,0.264043,0.264044
33,10,0.263316,0.263312
33,11,0.263316,0.263318
33,12,0.263211,0.263205
33,13,0.263210,0.263209
33,14,0.263211,0.263212
33,15,0.263209,0.263210
33,16,0.263209,0.263209
33,17,0.263210,0.263209
33,18,0.263207,0.263209
33,19,0.263206,0.263211
33,20,0.263209,0.263210
33,21,0.263209,0.263210
33,22,0.263208,0.263210
33,23,0.263210,0.263211
33,24,0.263315,0.263315
33,25,0.263313,0.263316
33,26,0.263313,0.263317
33,27,0.263317,0.263317
33,28,0.263314,0.263316
33,29,0.263310,0.263310
33,30,0.263310,0.263313
33,31,0.263318,0.263318
33,32,0.263313,0.263313
33,34,0.263315,0.263317
33,35,0.263313,0.263313
33,36,0.263211,0.263202
33,37,0.263210,0.263210
33,38,0.263211,0.263211
33,39,0.263210,0.263212
33,40,0.263208,0.263203
33,41,0.263208,0.263211
33,42,0.263207,0.263210
33,43,0.263209,0.263201
33,44,0.263209,0.263210
33,45,0.263209,0.263210
33,46,0.263208,0.263210
33,47,0.263209,0.263211
34,0,0.263311,0.263313
34,1,0.263318,0.263321
34,2,0.263316,0.263316
34,3,0.263315,0.263316
34,4,0.263319,0.263321
34,5,0.263317,0.263314
34,6,0.263309,0.263310
34,7,0.263317,0.263317
34,8,0.263319,0.263319
34,9,0.263315,0.263317
34,10,0.264047,0.264046
34,11,0.263320,0.263320
34,12,0.263211,0.263209
34,13,0.263203,0.263196
34,14,0.263203,0.263206
34,15,0.263203,0.263205
34,16,0.263204,0.263206
34,17,0.263204,0.263196
34,18,0.263206,0.263208
34,19,0.263211,0.263212
34,20,0.263210,0.263204
34,21,0.263211,0.263213
34,22,0.263211,0.263212
34,23,0.263211,0.263212
34,24,0.263314,0.263311
34,25,0.263318,0.263319
34,26,0.263314,0.263311
34,27,0.263312,0.263309
34,28,0.263318,0.263317
34,29,0.263317,0.263316
34,30,0.263314,0.263311
34,31,0.263316,0.263314
34,32,0.263314,0.263314
34,33,0.263316,0.263313
34,35,0.263312,0.263315
34,36,0.263210,0.263208
34,37,0.263205,0.263210
34,38,0.263209,0.263203
34,39,0.263209,0.263211
34,40,0.263210,0.263212
34,41,0.263212,0.263212
34,42,0.263209,0.263204
34,43,0.263207,0.263208
34,44,0.263209,0.263211
34,45,0.263209,0.263211
34,46,0.263210,0.263210
34,47,0.263212,0.263210
35,0,0.263311,0.263307
35,1,0.263308,0.263308
35,2,0.263299,0.263306
35,3,0.263308,0.263311
35,4,0.263319,0.263319
35,5,0.263303,0.263305
35,6,0.263312,0.263310
35,7,0.263312,0.263304
35,8,0.263312,0.263310
35,9,0.263308,0.263307
35,10,0.263312,0.263314
35,11,0.264048,0.264048
35,12,0.263209,0.263199
35,13,0.263209,0.263210
35,14,0.263209,0.263210
35,15,0.263207,0.263208
35,16,0.263209,0.263211
35,17,0.263209,0.263210
35,18,0.263207,0.263209
35,19,0.263211,0.263203
35,20,0.263211,0.263209
35,21,0.263206,0.263209
35,22,0.263209,0.263211
35,23,0.263209,0.263210
35,24,0.263309,0.263312
35,25,0.263311,0.263311
35,26,0.263308,0.263308
35,27,0.263311,0.263311
35,28,0.263310,0.263313
35,29,0.263308,0.263308
35,30,0.263312,0.263310
35,31,0.263308,0.263313
35,32,0.263309,0.263308
35,33,0.263306,0.263306
35,34,0.263314,0.263314
35,36,0.263208,0.263206
35,37,0.263206,0.263199
35,38,0.263205,0.263206
35,39,0.263204,0.263205
35,40,0.263210,0.263211
35,41,0.263209,0.263199
35,42,0.263207,0.263211
35,43,0.263209,0.263210
35,44,0.263209,0.263204
35,45,0.263209,0.263211
35,46,0.263205,0.263211
35,47,0.263208,0.263209
36,0,0.263195,0.263202
36,1,0.263201,0.263204
36,2,0.263202,0.263203
36,3,0.263201,0.263202
36,4,0.263204,0.263205
36,5,0.263201,0.263203
36,6,0.263195,0.263204
36,7,0.263202,0.263203
36,8,0.263200,0.263203
36,9,0.263197,0.263203
36,10,0.263203,0.263204
36,11,0.263201,0.263202
36,12,0.264016,0.264061
36,13,0.263306,0.263315
36,14,0.263295,0.263291
36,15,0.263315,0.263317
36,16,0.263303,0.263306
36,17,0.263306,0.263315
36,18,0.263318,0.263314
36,19,0.263305,0.263313
36,20,0.263302,0.263311
36,21,0.263314,0.263318
36,22,0.263313,0.263313
36,23,0.263312,0.263312
36,24,0.263200,0.263203
36,25,0.263202,0.263205
36,26,0.263194,0.263203
36,27,0.263197,0.263203
36,28,0.263199,0.263202
36,29,0.263204,0.263203
36,30,0.263201,0.263204
36,31,0.263202,0.263204
36,32,0.263201,0.263204
36,33,0.263189,0.263203
36,34,0.263199,0.263204
36,35,0.263204,0.263204
36,37,0.263300,0.263317
36,38,0.263316,0.263316
36,39,0.263314,0.263314
36,40,0.263300,0.263308
36,41,0.263309,0.263313
36,42,0.263318,0.263318
36,43,0.263308,0.263308
36,44,0.263295,0.263313
36,45,0.263318,0.263318
36,46,0.263272,0.263285
36,47,0.263302,0.263310
37,0,0.263202,0.263201
37,1,0.263206,0.263210
37,2,0.263198,0.263210
37,3,0.263208,0.263208
37,4,0.263209,0.263209
37,5,0.263210,0.263209
37,6,0.263208,0.263208
37,7,0.263210,0.263206
37,8,0.263208,0.263211
37,9,0.263208,0.263209
37,10,0.263208,0.263208
37,11,0.263208,0.263207
37,12,0.263311,0.263315
37,13,0.264063,0.264063
37,14,0.263312,0.263312
37,15,0.263293,0.263318
37,16,0.263309,0.263313
37,17,0.263317,0.263317
37,18,0.263310,0.263310
37,19,0.263312,0.263314
37,20,0.263317,0.263315
37,21,0.263314,0.263315
37,22,0.263320,0.263320
37,23,0.263313,0.263313
37,24,0.263202,0.263208
37,25,0.263208,0.263210
37,26,0.263208,0.263209
37,27,0.263199,0.263210
37,28,0.263209,0.263207
37,29,0.263208,0.263209
37,30,0.263209,0.263207
37,31,0.263210,0.263210
37,32,0.263209,0.263210
37,33,0.263205,0.263209
37,34,0.263199,0.263210
37,35,0.263208,0.263209
37,36,0.263314,0.263317
37,38,0.263315,0.263315
37,39,0.263314,0.263310
37,40,0.263314,0.263316
37,41,0.263304,0.263316
37,42,0.263312,0.263312
37,43,0.263313,0.263313
37,44,0.263313,0.263316
37,45,0.263320,0.263317
37,46,0.263319,0.263319
37,47,0.263312,0.263312
38,0,0.263209,0.263206
38,1,0.263202,0.263210
38,2,0.263208,0.263209
38,3,0.263209,0.263211
38,4,0.263209,0.263210
38,5,0.263200,0.263209
38,6,0.263210,0.263209
38,7,0.263209,0.263209
38,8,0.263205,0.263208
38,9,0.263207,0.263209
38,10,0.263211,0.263211
38,11,0.263208,0.263208
38,12,0.263292,0.263316
38,13,0.263323,0.263325
38,14,0.264062,0.264062
38,15,0.263317,0.263317
38,16,0.263327,0.263327
38,17,0.263324,0.263324
38,18,0.263323,0.263323
38,19,0.263319,0.263318
38,20,0.263317,0.263321
38,21,0.263321,0.263321
38,22,0.263324,0.263324
38,23,0.263316,0.263318
38,24,0.263207,0.263209
38,25,0.263209,0.263210
38,26,0.263200,0.263209
38,27,0.263209,0.263209
38,28,0.263210,0.263210
38,29,0.263209,0.263209
38,30,0.263203,0.263209
38,31,0.263210,0.263211
38,32,0.263210,0.263209
38,33,0.263209,0.263209
38,34,0.263209,0.263209
38,35,0.263209,0.263209
38,36,0.263319,0.263319
38,37,0.263320,0.263320
38,39,0.263317,0.263316
38,40,0.263289,0.263290
38,41,0.263319,0.263319
38,42,0.263317,0.263314
38,43,0.263317,0.263311
38,44,0.263320,0.263323
38,45,0.263322,0.263322
38,46,0.263323,0.263323
38,47,0.263317,0.263316
39,0,0.263201,0.263207
39,1,0.263209,0.263210
39,2,0.263208,0.263207
39,3,0.263209,0.263209
39,4,0.263201,0.263210
39,5,0.263208,0.263209
39,6,0.263209,0.263209
39,7,0.263210,0.263210
39,8,0.263206,0.263208
39,9,0.263206,0.263209
39,10,0.263209,0.263210
39,11,0.263202,0.263208
39,12,0.263320,0.263313
39,13,0.263320,0.263321
39,14,0.263318,0.263315
39,15,0.264060,0.264060
39,16,0.263321,0.263322
39,17,0.263320,0.263323
39,18,0.263318,0.263318
39,19,0.263314,0.263295
39,20,0.263327,0.263324
39,21,0.263322,0.263323
39,22,0.263323,0.263326
39,23,0.263309,0.263310
39,24,0.263210,0.263211
39,25,0.263203,0.263211
39,26,0.263208,0.263209
39,27,0.263210,0.263210
39,28,0.263211,0.263211
39,29,0.263200,0.263207
39,30,0.263210,0.263211
39,31,0.263208,0.263207
39,32,0.263209,0.263210
39,33,0.263200,0.263208
39,34,0.263209,0.263210
39,35,0.263208,0.263209
39,36,0.263317,0.263310
39,37,0.263322,0.263322
39,38,0.263320,0.263320
39,40,0.263320,0.263323
39,41,0.263321,0.263318
39,42,0.263322,0.263322
39,43,0.263320,0.263315
39,44,0.263326,0.263329
39,45,0.263317,0.263321
39,46,0.263325,0.263325
39,47,0.263273,0.263312
40,0,0.263209,0.263208
40,1,0.263208,0.263209
40,2,0.263208,0.263209
40,3,0.263197,0.263209
40,4,0.263209,0.263210
40,5,0.263209,0.263209
40,6,0.263208,0.263209
40,7,0.263209,0.263210
40,8,0.263206,0.263211
40,9,0.263210,0.263211
40,10,0.263200,0.263208
40,11,0.263208,0.263209
40,12,0.263312,0.263316
40,13,0.263317,0.263317
40,14,0.263315,0.263315
40,15,0.263309,0.263314
40,16,0.264059,0.264059
40,17,0.263317,0.263310
40,18,0.263316,0.263317
40,19,0.263313,0.263316
40,20,0.263313,0.263317
40,21,0.263317,0.263317
40,22,0.263314,0.263314
40,23,0.263313,0.263315
40,24,0.263203,0.263210
40,25,0.263208,0.263208
40,26,0.263209,0.263209
40,27,0.263208,0.263209
40,28,0.263199,0.263209
40,29,0.263209,0.263210
40,30,0.263208,0.263210
40,31,0.263200,0.263209
40,32,0.263208,0.263210
40,33,0.263205,0.263208
40,34,0.263206,0.263208
40,35,0.263209,0.263208
40,36,0.263315,0.263315
40,37,0.263313,0.263313
40,38,0.263314,0.263314
40,39,0.263314,0.263314
40,41,0.263319,0.263322
40,42,0.263315,0.263315
40,43,0.263293,0.263287
40,44,0.263312,0.263314
40,45,0.263304,0.263315
40,46,0.263319,0.263319
40,47,0.263311,0.263309
41,0,0.263208,0.263207
41,1,0.263200,0.263210
41,2,0.263207,0.263209
41,3,0.263206,0.263211
41,4,0.263207,0.263210
41,5,0.263209,0.263208
41,6,0.263206,0.263207
41,7,0.263205,0.263208
41,8,0.263199,0.263208
41,9,0.263207,0.263207
41,10,0.263205,0.263206
41,11,0.263207,0.263208
41,12,0.263293,0.263310
41,13,0.263316,0.263318
41,14,0.263306,0.263316
41,15,0.263314,0.263314
41,16,0.263315,0.263313
41,17,0.264043,0.264061
41,18,0.263310,0.263320
41,19,0.263313,0.263313
41,20,0.263321,0.263321
41,21,0.263317,0.263320
41,22,0.263311,0.263323
41,23,0.263318,0.263318
41,24,0.263206,0.263208
41,25,0.263205,0.263207
41,26,0.263200,0.263208
41,27,0.263206,0.263209
41,28,0.263206,0.263208
41,29,0.263206,0.263208
41,30,0.263200,0.263207
41,31,0.263206,0.263208
41,32,0.263207,0.263207
41,33,0.263206,0.263208
41,34,0.263208,0.263209
41,35,0.263207,0.263207
41,36,0.263310,0.263312
41,37,0.263320,0.263324
41,38,0.263297,0.263315
41,39,0.263313,0.263316
41,40,0.263311,0.263320
41,42,0.263320,0.263317
41,43,0.263312,0.263308
41,44,0.263318,0.263321
41,45,0.263311,0.263320
41,46,0.263321,0.263321
41,47,0.263318,0.263315
42,0,0.263200,0.263207
42,1,0.263206,0.263209
42,2,0.263206,0.263207
42,3,0.263195,0.263208
42,4,0.263209,0.263209
42,5,0.263208,0.263208
42,6,0.263208,0.263208
42,7,0.263208,0.263209
42,8,0.263209,0.263210
42,9,0.263208,0.263209
42,10,0.263198,0.263207
42,11,0.263205,0.263207
42,12,0.263317,0.263321
42,13,0.263319,0.263319
42,14,0.263316,0.263318
42,15,0.263315,0.263319
42,16,0.263323,0.263323
42,17,0.263324,0.263298
42,18,0.264049,0.264060
42,19,0.263316,0.263318
42,20,0.263326,0.263326
42,21,0.263321,0.263321
42,22,0.263320,0.263322
42,23,0.263313,0.263313
42,24,0.263208,0.263208
42,25,0.263202,0.263209
42,26,0.263213,0.263207
42,27,0.263210,0.263210
42,28,0.263205,0.263212
42,29,0.263209,0.263210
42,30,0.263208,0.263209
42,31,0.263208,0.263211
42,32,0.263209,0.263211
42,33,0.263209,0.263209
42,34,0.263210,0.263211
42,35,0.263202,0.263209
42,36,0.263320,0.263310
42,37,0.263317,0.263321
42,38,0.263319,0.263319
42,39,0.263323,0.263323
42,40,0.263319,0.263322
42,41,0.263319,0.263323
42,43,0.263322,0.263317
42,44,0.263326,0.263326
42,45,0.263320,0.263322
42,46,0.263323,0.263323
42,47,0.263318,0.263315
43,0,0.263203,0.263201
43,1,0.263208,0.263210
43,2,0.263198,0.263210
43,3,0.263207,0.263208
43,4,0.263205,0.263210
43,5,0.263208,0.263209
43,6,0.263198,0.263209
43,7,0.263208,0.263210
43,8,0.263205,0.263209
43,9,0.263205,0.263209
43,10,0.263204,0.263208
43,11,0.263208,0.263210
43,12,0.263307,0.263303
43,13,0.263315,0.263319
43,14,0.263317,0.263322
43,15,0.263294,0.263292
43,16,0.263309,0.263308
43,17,0.263309,0.263314
43,18,0.263316,0.263316
43,19,0.264062,0.264062
43,20,0.263303,0.263310
43,21,0.263323,0.263323
43,22,0.263317,0.263317
43,23,0.263311,0.263319
43,24,0.263197,0.263208
43,25,0.263205,0.263210
43,26,0.263209,0.263211
43,27,0.263208,0.263208
43,28,0.263194,0.263211
43,29,0.263206,0.263210
43,30,0.263208,0.263209
43,31,0.263209,0.263210
43,32,0.263207,0.263210
43,33,0.263209,0.263210
43,34,0.263207,0.263210
43,35,0.263202,0.263210
43,36,0.263311,0.263316
43,37,0.263317,0.263315
43,38,0.263321,0.263321
43,39,0.263309,0.263317
43,40,0.263313,0.263317
43,41,0.263303,0.263308
43,42,0.263318,0.263318
43,44,0.263308,0.263300
43,45,0.263314,0.263306
43,46,0.263315,0.263313
43,47,0.263309,0.263314
44,0,0.263209,0.263205
44,1,0.263204,0.263212
44,2,0.263209,0.263210
44,3,0.263210,0.263209
44,4,0.263209,0.263210
44,5,0.263203,0.263210
44,6,0.263207,0.263210
44,7,0.263208,0.263210
44,8,0.263209,0.263210
44,9,0.263203,0.263210
44,10,0.263210,0.263210
44,11,0.263209,0.263210
44,12,0.263314,0.263303
44,13,0.263318,0.263280
44,14,0.263315,0.263315
44,15,0.263313,0.263315
44,16,0.263311,0.263311
44,17,0.263315,0.263319
44,18,0.263311,0.263315
44,19,0.263313,0.263313
44,20,0.264062,0.264063
44,21,0.263314,0.263316
44,22,0.263317,0.263320
44,23,0.263289,0.263284
44,24,0.263209,0.263209
44,25,0.263209,0.263209
44,26,0.263205,0.263209
44,27,0.263202,0.263209
44,28,0.263209,0.263210
44,29,0.263209,0.263209
44,30,0.263209,0.263209
44,31,0.263209,0.263209
44,32,0.263208,0.263208
44,33,0.263209,0.263208
44,34,0.263200,0.263209
44,35,0.263210,0.263209
44,36,0.263313,0.263317
44,37,0.263318,0.263318
44,38,0.263313,0.263315
44,39,0.263309,0.263313
44,40,0.263313,0.263288
44,41,0.263318,0.263315
44,42,0.263317,0.263319
44,43,0.263311,0.263314
44,45,0.263317,0.263317
44,46,0.263313,0.263320
44,47,0.263310,0.263310
45,0,0.263209,0.263205
45,1,0.263209,0.263210
45,2,0.263207,0.263207
45,3,0.263209,0.263210
45,4,0.263201,0.263209
45,5,0.263209,0.263209
45,6,0.263209,0.263209
45,7,0.263209,0.263209
45,8,0.263198,0.263208
45,9,0.263208,0.263209
45,10,0.263208,0.263209
45,11,0.263208,0.263208
45,12,0.263318,0.263308
45,13,0.263319,0.263324
45,14,0.263318,0.263318
45,15,0.263310,0.263312
45,16,0.263318,0.263322
45,17,0.263324,0.263324
45,18,0.263319,0.263319
45,19,0.263291,0.263322
45,20,0.263321,0.263324
45,21,0.264062,0.264046
45,22,0.263325,0.263325
45,23,0.263310,0.263313
45,24,0.263209,0.263210
45,25,0.263209,0.263210
45,26,0.263197,0.263209
45,27,0.263210,0.263209
45,28,0.263211,0.263211
45,29,0.263202,0.263209
45,30,0.263209,0.263211
45,31,0.263209,0.263210
45,32,0.263209,0.263210
45,33,0.263207,0.263210
45,34,0.263207,0.263209
45,35,0.263211,0.263210
45,36,0.263319,0.263321
45,37,0.263322,0.263322
45,38,0.263319,0.263316
45,39,0.263315,0.263317
45,40,0.263320,0.263324
45,41,0.263326,0.263326
45,42,0.263324,0.263324
45,43,0.263316,0.263313
45,44,0.263319,0.263316
45,46,0.263326,0.263326
45,47,0.263315,0.263319
46,0,0.263203,0.263207
46,1,0.263208,0.263211
46,2,0.263206,0.263210
46,3,0.263210,0.263210
46,4,0.263203,0.263208
46,5,0.263210,0.263210
46,6,0.263209,0.263208
46,7,0.263202,0.263211
46,8,0.263209,0.263210
46,9,0.263209,0.263210
46,10,0.263209,0.263210
46,11,0.263211,0.263210
46,12,0.263315,0.263306
46,13,0.263313,0.263317
46,14,0.263313,0.263313
46,15,0.263309,0.263311
46,16,0.263314,0.263317
46,17,0.263309,0.263319
46,18,0.263288,0.263315
46,19,0.263302,0.263312
46,20,0.263314,0.263315
46,21,0.263315,0.263315
46,22,0.264062,0.264062
46,23,0.263309,0.263312
46,24,0.263210,0.263211
46,25,0.263200,0.263210
46,26,0.263209,0.263210
46,27,0.263210,0.263211
46,28,0.263210,0.263211
46,29,0.263201,0.263210
46,30,0.263209,0.263210
46,31,0.263209,0.263210
46,32,0.263209,0.263210
46,33,0.263209,0.263210
46,34,0.263208,0.263210
46,35,0.263210,0.263210
46,36,0.263311,0.263314
46,37,0.263279,0.263301
46,38,0.263311,0.263309
46,39,0.263316,0.263318
46,40,0.263318,0.263318
46,41,0.263319,0.263317
46,42,0.263311,0.263314
46,43,0.263306,0.263310
46,44,0.263316,0.263310
46,45,0.263314,0.263314
46,47,0.263309,0.263311
47,0,0.263209,0.263208
47,1,0.263210,0.263211
47,2,0.263207,0.263208
47,3,0.263200,0.263210
47,4,0.263206,0.263210
47,5,0.263210,0.263210
47,6,0.263209,0.263210
47,7,0.263202,0.263207
47,8,0.263209,0.263209
47,9,0.263204,0.263208
47,10,0.263209,0.263209
47,11,0.263209,0.263209
47,12,0.263322,0.263316
47,13,0.263321,0.263317
47,14,0.263316,0.263318
47,15,0.263313,0.263317
47,16,0.263324,0.263324
47,17,0.263296,0.263269
47,18,0.263316,0.263318
47,19,0.263318,0.263319
47,20,0.263322,0.263322
47,21,0.263316,0.263319
47,22,0.263322,0.263326
47,23,0.264062,0.264061
47,24,0.263210,0.263210
47,25,0.263209,0.263209
47,26,0.263208,0.263208
47,27,0.263210,0.263211
47,28,0.263199,0.263210
47,29,0.263206,0.263208
47,30,0.263207,0.263209
47,31,0.263208,0.263210
47,32,0.263201,0.263209
47,33,0.263207,0.263207
47,34,0.263208,0.263209
47,35,0.263209,0.263210
47,36,0.263316,0.263309
47,37,0.263318,0.263322
47,38,0.263320,0.263320
47,39,0.263319,0.263319
47,40,0.263322,0.263322
47,41,0.263322,0.263325
47,42,0.263314,0.263318
47,43,0.263319,0.263314
47,44,0.263320,0.263320
47,45,0.263313,0.263315
47,46,0.263324,0.263324
